tool,wz240833,Anna Gomez,available
vehicle,hr108256,Anna Gomez,available
tool,hr676528,Anna Rodriguez,available
vehicle,tx835396,Anna Rodriguez,available
tool,mi131700,Anna Hernandez,available
vehicle,fu854050,Anna Hernandez,available
tool,up612655,Anna Tan,available
vehicle,ya677058,Anna Tan,available
tool,jd235801,Anna Yang,available
vehicle,yl434099,Anna Yang,available
tool,wt710579,Anna Smith,available
vehicle,bt445644,Anna Smith,available
tool,qq260786,Anna Jones,available
vehicle,hu872967,Anna Jones,available
tool,gn184256,Anna Lee,available
vehicle,wn924632,Anna Lee,available
tool,jb675667,Anna Schmidt,available
vehicle,ns925478,Anna Schmidt,available
tool,zd994406,Anna DeAndre,available
vehicle,yb115587,Anna DeAndre,available
tool,vi430538,Anna Carpenter,available
vehicle,kc402077,Anna Carpenter,available
tool,ip228387,Anna Alvarez,available
vehicle,ss597466,Anna Alvarez,available
tool,yh607238,Anna Wilson,available
vehicle,fa371776,Anna Wilson,available
tool,bq779016,Anna Miller,available
vehicle,eh661072,Anna Miller,available
tool,ux839899,Barbara Gomez,available
vehicle,rh120800,Barbara Gomez,available
tool,mr771695,Barbara Rodriguez,available
vehicle,sm445325,Barbara Rodriguez,available
tool,jp389006,Barbara Hernandez,available
vehicle,rs599476,Barbara Hernandez,available
tool,hu247682,Barbara Tan,available
vehicle,sd786473,Barbara Tan,available
tool,qb235683,Barbara Yang,available
vehicle,nn815052,Barbara Yang,available
tool,pr470955,Barbara Smith,available
vehicle,xu926691,Barbara Smith,available
tool,kw843649,Barbara Jones,available
vehicle,cr467080,Barbara Jones,available
tool,lm253103,Barbara Lee,available
vehicle,ke228476,Barbara Lee,available
tool,xv821681,Barbara Schmidt,available
vehicle,yc500519,Barbara Schmidt,available
tool,so374484,Barbara DeAndre,available
vehicle,dc766094,Barbara DeAndre,available
tool,te868782,Barbara Carpenter,available
vehicle,ay738242,Barbara Carpenter,available
tool,md866677,Barbara Alvarez,available
vehicle,wl434224,Barbara Alvarez,available
tool,qy320156,Barbara Wilson,available
vehicle,vy365449,Barbara Wilson,available
tool,vm423150,Barbara Miller,available
vehicle,es461694,Barbara Miller,available
tool,zo598023,Charles Gomez,available
vehicle,xx487666,Charles Gomez,available
tool,nr462828,Charles Rodriguez,available
vehicle,wj870246,Charles Rodriguez,available
tool,vq974543,Charles Hernandez,available
vehicle,uj417690,Charles Hernandez,available
tool,la812559,Charles Tan,available
vehicle,nh285295,Charles Tan,available
tool,sp966551,Charles Yang,available
vehicle,gk127721,Charles Yang,available
tool,sx393891,Charles Smith,available
vehicle,bt766102,Charles Smith,available
tool,gs479948,Charles Jones,available
vehicle,jz385253,Charles Jones,available
tool,dy781687,Charles Lee,available
vehicle,up358852,Charles Lee,available
tool,jj732263,Charles Schmidt,available
vehicle,zm179898,Charles Schmidt,available
tool,ie247006,Charles DeAndre,available
vehicle,le229961,Charles DeAndre,available
tool,zf412787,Charles Carpenter,available
vehicle,ta521361,Charles Carpenter,available
tool,is427739,Charles Alvarez,available
vehicle,qz918676,Charles Alvarez,available
tool,mp759295,Charles Wilson,available
vehicle,hq774471,Charles Wilson,available
tool,uo666252,Charles Miller,available
vehicle,sl531914,Charles Miller,available
tool,vj545936,Diego Gomez,available
vehicle,tq892641,Diego Gomez,available
tool,xk663502,Diego Rodriguez,available
vehicle,ww688503,Diego Rodriguez,available
tool,uw197890,Diego Hernandez,available
vehicle,jq446801,Diego Hernandez,available
tool,is518519,Diego Tan,available
vehicle,hx146890,Diego Tan,available
tool,lb717748,Diego Yang,available
vehicle,lz888969,Diego Yang,available
tool,tr105717,Diego Smith,available
vehicle,jh508581,Diego Smith,available
tool,oh606599,Diego Jones,available
vehicle,rt476393,Diego Jones,available
tool,jl666941,Diego Lee,available
vehicle,mw541310,Diego Lee,available
tool,ja127185,Diego Schmidt,available
vehicle,mq615277,Diego Schmidt,available
tool,wl823738,Diego DeAndre,available
vehicle,gb946504,Diego DeAndre,available
tool,go206094,Diego Carpenter,available
vehicle,vx482996,Diego Carpenter,available
tool,bp725700,Diego Alvarez,available
vehicle,ua253120,Diego Alvarez,available
tool,sw222292,Diego Wilson,available
vehicle,ia669926,Diego Wilson,available
tool,ct405641,Diego Miller,available
vehicle,zk859387,Diego Miller,available
tool,lf877239,Federico Gomez,available
vehicle,vl546169,Federico Gomez,available
tool,lc804754,Federico Rodriguez,available
vehicle,xr470552,Federico Rodriguez,available
tool,qf241440,Federico Hernandez,available
vehicle,uf344501,Federico Hernandez,available
tool,mp739404,Federico Tan,available
vehicle,gg760394,Federico Tan,available
tool,yf506972,Federico Yang,available
vehicle,vc906780,Federico Yang,available
tool,ub443160,Federico Smith,available
vehicle,la951653,Federico Smith,available
tool,ua790606,Federico Jones,available
vehicle,uj585741,Federico Jones,available
tool,nq350637,Federico Lee,available
vehicle,kh523308,Federico Lee,available
tool,hq624473,Federico Schmidt,available
vehicle,ys570572,Federico Schmidt,available
tool,ye945342,Federico DeAndre,available
vehicle,hj713772,Federico DeAndre,available
tool,nv531885,Federico Carpenter,available
vehicle,mz443755,Federico Carpenter,available
tool,in393824,Federico Alvarez,available
vehicle,ng636793,Federico Alvarez,available
tool,gf121746,Federico Wilson,available
vehicle,xm211009,Federico Wilson,available
tool,hy374336,Federico Miller,available
vehicle,mf321144,Federico Miller,available
tool,fg506562,Guillermo Gomez,available
vehicle,st788769,Guillermo Gomez,available
tool,ao886047,Guillermo Rodriguez,available
vehicle,vy250358,Guillermo Rodriguez,available
tool,wc703257,Guillermo Hernandez,available
vehicle,lh588667,Guillermo Hernandez,available
tool,pv323716,Guillermo Tan,available
vehicle,bs625050,Guillermo Tan,available
tool,fm655856,Guillermo Yang,available
vehicle,im267640,Guillermo Yang,available
tool,cy524549,Guillermo Smith,available
vehicle,uv514807,Guillermo Smith,available
tool,rk404971,Guillermo Jones,available
vehicle,bh990490,Guillermo Jones,available
tool,ff201779,Guillermo Lee,available
vehicle,zj947340,Guillermo Lee,available
tool,id676553,Guillermo Schmidt,available
vehicle,yg107456,Guillermo Schmidt,available
tool,fa591940,Guillermo DeAndre,available
vehicle,fd789053,Guillermo DeAndre,available
tool,na324874,Guillermo Carpenter,available
vehicle,ql661017,Guillermo Carpenter,available
tool,wz127256,Guillermo Alvarez,available
vehicle,xr636065,Guillermo Alvarez,available
tool,ex545168,Guillermo Wilson,available
vehicle,zp204191,Guillermo Wilson,available
tool,nk969651,Guillermo Miller,available
vehicle,zs315963,Guillermo Miller,available
tool,hn863963,Jessica Gomez,available
vehicle,wj826111,Jessica Gomez,available
tool,yh791790,Jessica Rodriguez,available
vehicle,pz322999,Jessica Rodriguez,available
tool,aa291559,Jessica Hernandez,available
vehicle,zf700740,Jessica Hernandez,available
tool,nu400558,Jessica Tan,available
vehicle,tf922589,Jessica Tan,available
tool,sq741404,Jessica Yang,available
vehicle,ze572689,Jessica Yang,available
tool,yg323817,Jessica Smith,available
vehicle,gb505437,Jessica Smith,available
tool,dl862878,Jessica Jones,available
vehicle,ws549380,Jessica Jones,available
tool,sz220995,Jessica Lee,available
vehicle,vc755172,Jessica Lee,available
tool,cy231234,Jessica Schmidt,available
vehicle,ts106491,Jessica Schmidt,available
tool,oj677786,Jessica DeAndre,available
vehicle,sd208701,Jessica DeAndre,available
tool,as898560,Jessica Carpenter,available
vehicle,zv332585,Jessica Carpenter,available
tool,yw635717,Jessica Alvarez,available
vehicle,io692485,Jessica Alvarez,available
tool,zq388703,Jessica Wilson,available
vehicle,cf409737,Jessica Wilson,available
tool,ev520081,Jessica Miller,available
vehicle,rl427190,Jessica Miller,available
tool,cz965808,Kathleen Gomez,available
vehicle,es145199,Kathleen Gomez,available
tool,fm153275,Kathleen Rodriguez,available
vehicle,qz941967,Kathleen Rodriguez,available
tool,cp885801,Kathleen Hernandez,available
vehicle,rk427181,Kathleen Hernandez,available
tool,zc499993,Kathleen Tan,available
vehicle,jd899656,Kathleen Tan,available
tool,tv924074,Kathleen Yang,available
vehicle,ti645705,Kathleen Yang,available
tool,df142313,Kathleen Smith,available
vehicle,lm940986,Kathleen Smith,available
tool,gl866732,Kathleen Jones,available
vehicle,rp950054,Kathleen Jones,available
tool,lr123706,Kathleen Lee,available
vehicle,il419064,Kathleen Lee,available
tool,ep730702,Kathleen Schmidt,available
vehicle,di506422,Kathleen Schmidt,available
tool,ef883787,Kathleen DeAndre,available
vehicle,cp213949,Kathleen DeAndre,available
tool,pw670207,Kathleen Carpenter,available
vehicle,hw819360,Kathleen Carpenter,available
tool,nh529233,Kathleen Alvarez,available
vehicle,fv740244,Kathleen Alvarez,available
tool,fa805789,Kathleen Wilson,available
vehicle,kg352753,Kathleen Wilson,available
tool,ux833041,Kathleen Miller,available
vehicle,ir605298,Kathleen Miller,available
tool,lg759171,Leonardo Gomez,available
vehicle,sm937395,Leonardo Gomez,available
tool,gl868289,Leonardo Rodriguez,available
vehicle,uo356141,Leonardo Rodriguez,available
tool,uf438735,Leonardo Hernandez,available
vehicle,yd265815,Leonardo Hernandez,available
tool,sn317734,Leonardo Tan,available
vehicle,px966244,Leonardo Tan,available
tool,wc948322,Leonardo Yang,available
vehicle,pd784404,Leonardo Yang,available
tool,ai328877,Leonardo Smith,available
vehicle,he669924,Leonardo Smith,available
tool,ou271180,Leonardo Jones,available
vehicle,iz472983,Leonardo Jones,available
tool,ym890403,Leonardo Lee,available
vehicle,xy966784,Leonardo Lee,available
tool,sg223394,Leonardo Schmidt,available
vehicle,rj410487,Leonardo Schmidt,available
tool,gq777329,Leonardo DeAndre,available
vehicle,da710678,Leonardo DeAndre,available
tool,tc759325,Leonardo Carpenter,available
vehicle,zx114329,Leonardo Carpenter,available
tool,dy991054,Leonardo Alvarez,available
vehicle,kv697704,Leonardo Alvarez,available
tool,ta483500,Leonardo Wilson,available
vehicle,dr169375,Leonardo Wilson,available
tool,tj308778,Leonardo Miller,available
vehicle,cl855857,Leonardo Miller,available
tool,iv613624,Miguel Gomez,available
vehicle,rp332960,Miguel Gomez,available
tool,qg585871,Miguel Rodriguez,available
vehicle,qb957218,Miguel Rodriguez,available
tool,mz565781,Miguel Hernandez,available
vehicle,bj788933,Miguel Hernandez,available
tool,zx786512,Miguel Tan,available
vehicle,sl488233,Miguel Tan,available
tool,po211385,Miguel Yang,available
vehicle,xu877837,Miguel Yang,available
tool,pr635585,Miguel Smith,available
vehicle,mm139416,Miguel Smith,available
tool,ng982918,Miguel Jones,available
vehicle,hd510371,Miguel Jones,available
tool,gj286137,Miguel Lee,available
vehicle,uy811249,Miguel Lee,available
tool,zj992833,Miguel Schmidt,available
vehicle,om825555,Miguel Schmidt,available
tool,ze116354,Miguel DeAndre,available
vehicle,wi395548,Miguel DeAndre,available
tool,tw668541,Miguel Carpenter,available
vehicle,ig501634,Miguel Carpenter,available
tool,ot183513,Miguel Alvarez,available
vehicle,aj410158,Miguel Alvarez,available
tool,an611092,Miguel Wilson,available
vehicle,bd385811,Miguel Wilson,available
tool,ig525784,Miguel Miller,available
vehicle,qh730367,Miguel Miller,available
tool,rc600066,Nina Gomez,available
vehicle,ce650119,Nina Gomez,available
tool,qv416236,Nina Rodriguez,available
vehicle,tt154378,Nina Rodriguez,available
tool,un959909,Nina Hernandez,available
vehicle,mi663991,Nina Hernandez,available
tool,mw852894,Nina Tan,available
vehicle,mh472795,Nina Tan,available
tool,tz456552,Nina Yang,available
vehicle,mb318341,Nina Yang,available
tool,hh566009,Nina Smith,available
vehicle,ff159137,Nina Smith,available
tool,op241131,Nina Jones,available
vehicle,gx323914,Nina Jones,available
tool,vf611862,Nina Lee,available
vehicle,jw245662,Nina Lee,available
tool,oh223982,Nina Schmidt,available
vehicle,xd540296,Nina Schmidt,available
tool,gv960171,Nina DeAndre,available
vehicle,nk434614,Nina DeAndre,available
tool,fv958839,Nina Carpenter,available
vehicle,ob430224,Nina Carpenter,available
tool,ua232082,Nina Alvarez,available
vehicle,dp101109,Nina Alvarez,available
tool,uj750030,Nina Wilson,available
vehicle,kc255358,Nina Wilson,available
tool,nz748925,Nina Miller,available
vehicle,ie621775,Nina Miller,available
tool,fc392748,Robert Gomez,available
vehicle,me524056,Robert Gomez,available
tool,sa800838,Robert Rodriguez,available
vehicle,ny396235,Robert Rodriguez,available
tool,qo618461,Robert Hernandez,available
vehicle,kz986651,Robert Hernandez,available
tool,qe888814,Robert Tan,available
vehicle,zj702604,Robert Tan,available
tool,fw431659,Robert Yang,available
vehicle,zz885204,Robert Yang,available
tool,nh869874,Robert Smith,available
vehicle,ka205102,Robert Smith,available
tool,yv791501,Robert Jones,available
vehicle,nz290989,Robert Jones,available
tool,pm349473,Robert Lee,available
vehicle,xu915497,Robert Lee,available
tool,tv868675,Robert Schmidt,available
vehicle,th941945,Robert Schmidt,available
tool,ek249834,Robert DeAndre,available
vehicle,rl344634,Robert DeAndre,available
tool,qs514835,Robert Carpenter,available
vehicle,ct902527,Robert Carpenter,available
tool,hm817869,Robert Alvarez,available
vehicle,ms323255,Robert Alvarez,available
tool,td630869,Robert Wilson,available
vehicle,eo354253,Robert Wilson,available
tool,pc432548,Robert Miller,available
vehicle,pc592277,Robert Miller,available
tool,os576633,Tomas Gomez,available
vehicle,cs482001,Tomas Gomez,available
tool,sj515928,Tomas Rodriguez,available
vehicle,ff249308,Tomas Rodriguez,available
tool,ye569395,Tomas Hernandez,available
vehicle,jw598210,Tomas Hernandez,available
tool,se184312,Tomas Tan,available
vehicle,eg648839,Tomas Tan,available
tool,ps899285,Tomas Yang,available
vehicle,zz653714,Tomas Yang,available
tool,jf380789,Tomas Smith,available
vehicle,cv831068,Tomas Smith,available
tool,tx224661,Tomas Jones,available
vehicle,bf462984,Tomas Jones,available
tool,mz114198,Tomas Lee,available
vehicle,ti960627,Tomas Lee,available
tool,up835531,Tomas Schmidt,available
vehicle,sg814182,Tomas Schmidt,available
tool,ca696497,Tomas DeAndre,available
vehicle,pv484524,Tomas DeAndre,available
tool,xo761414,Tomas Carpenter,available
vehicle,cd509390,Tomas Carpenter,available
tool,oe615189,Tomas Alvarez,available
vehicle,uy777243,Tomas Alvarez,available
tool,sh856684,Tomas Wilson,available
vehicle,ri770088,Tomas Wilson,available
tool,gq863782,Tomas Miller,available
vehicle,vt625706,Tomas Miller,available
tool,bp505838,Walter Gomez,available
vehicle,cd428747,Walter Gomez,available
tool,aq862819,Walter Rodriguez,available
vehicle,bt293182,Walter Rodriguez,available
tool,do458480,Walter Hernandez,available
vehicle,jn161143,Walter Hernandez,available
tool,ay453697,Walter Tan,available
vehicle,vx973851,Walter Tan,available
tool,gd257316,Walter Yang,available
vehicle,nk519785,Walter Yang,available
tool,am798528,Walter Smith,available
vehicle,kv144704,Walter Smith,available
tool,rw288243,Walter Jones,available
vehicle,lx568657,Walter Jones,available
tool,if132802,Walter Lee,available
vehicle,ig963906,Walter Lee,available
tool,zj335065,Walter Schmidt,available
vehicle,lp657369,Walter Schmidt,available
tool,nx509474,Walter DeAndre,available
vehicle,ef779785,Walter DeAndre,available
tool,ny418398,Walter Carpenter,available
vehicle,yi152951,Walter Carpenter,available
tool,sj758281,Walter Alvarez,available
vehicle,ht797058,Walter Alvarez,available
tool,rq354618,Walter Wilson,available
vehicle,yn915358,Walter Wilson,available
tool,vg107077,Walter Miller,available
vehicle,uk330247,Walter Miller,available