rental,rp332960
return,vc906780
rental,gj286137
return,il419064
return,op241131
rental,tx224661
return,is427739
rental,ek249834
return,mp739404
rental,bp725700
return,fa591940
rental,ux833041
return,sa800838
return,ze572689
rental,nz290989
return,ti645705
rental,yd265815
return,hn863963
return,ze572689
return,es461694
return,sh856684
rental,cy231234
return,ps899285
return,sj515928
return,hw819360
return,ux839899
return,gb946504
return,mm139416
rental,vm423150
return,ao886047
rental,pr470955
return,ig501634
return,kv697704
rental,ng636793
return,fa591940
return,zq388703
rental,nv531885
rental,hm817869
rental,mf321144
return,if132802
rental,pz322999
rental,uj417690
rental,vg107077
rental,kh523308
return,oh223982
return,cd428747
rental,gl866732
rental,lm940986
return,rp332960
return,me524056
rental,lx568657
return,jf380789
rental,yh791790
return,ev520081
rental,so374484
rental,zj335065
return,gg760394
rental,fm153275
return,gj286137
rental,tx835396
rental,ux839899
rental,ym890403
return,zj992833
rental,nq350637
return,ye945342
rental,lr123706
return,ir605298
return,hx146890
rental,tc759325
return,ys570572
return,fd789053
rental,gd257316
return,sn317734
return,mp739404
rental,mp759295
rental,tf922589
return,kv697704
return,wj870246
return,yl434099
return,yl434099
return,rk427181
rental,os576633
rental,jh508581
return,vg107077
rental,zx114329
return,lm940986
return,zx114329
rental,mm139416
return,tq892641
rental,pc592277
return,zs315963
rental,na324874
return,lh588667
rental,uy811249
rental,uk330247
return,jw598210
rental,ou271180
rental,pr635585
return,fd789053
rental,sg223394
return,mz565781
rental,jz385253
rental,nh869874
return,ig501634
rental,fw431659
rental,ri770088
return,so374484
rental,gj286137
rental,uk330247
return,zs315963
rental,xr636065
return,dy781687
return,mq615277
return,bf462984
return,eg648839
rental,ti645705
rental,zs315963
rental,mf321144
rental,oh606599
return,la812559
rental,jp389006
rental,dl862878
rental,tx224661
return,wz127256
return,hr676528
rental,mh472795
rental,ff159137
return,kc255358
rental,vc755172
rental,sa800838
return,fa805789
return,tj308778
rental,ux839899
return,lm253103
return,hx146890
rental,nv531885
rental,fa371776
return,lx568657
return,fm153275
rental,ye569395
return,xu877837
return,rh120800
return,rw288243
rental,hh566009
rental,jw598210
return,jn161143
return,bp505838
rental,fg506562
rental,xr636065
return,bt766102
rental,aa291559
rental,mz114198
return,vj545936
rental,wz240833
rental,ua253120
rental,qf241440
return,nh529233
return,sh856684
rental,pr470955
rental,vg107077
return,rs599476
rental,fd789053
rental,cy231234
rental,xu926691
return,rp332960
rental,jw598210
return,bt445644
return,bj788933
rental,ze572689
return,pv484524
return,gl868289
return,lg759171
return,tv868675
rental,zz653714
return,ja127185
return,gv960171
return,yc500519
rental,te868782
return,vq974543
return,qz918676
rental,cd428747
rental,fa371776
rental,zz885204
rental,ca696497
rental,nv531885
return,uj750030
rental,bp725700
rental,tv924074
rental,rp332960
return,ct902527
rental,xm211009
rental,kc255358
return,gb505437
return,vy365449
return,go206094
return,ay453697
rental,ym890403
rental,te868782
rental,kz986651
rental,jw598210
rental,ps899285
rental,hu247682
rental,na324874
rental,ja127185
rental,yh607238
rental,ng982918
rental,qb235683
rental,gk127721
rental,wz240833
return,pr635585
return,gv960171
rental,sx393891
return,is518519
rental,yb115587
rental,es145199
return,wn924632
return,pr635585
rental,gf121746
rental,dl862878
return,ta521361
rental,jh508581
rental,up612655
rental,is518519
rental,cd428747
rental,op241131
return,ua253120
rental,hq774471
rental,dy781687
return,fc392748
rental,bj788933
return,ce650119
rental,bt766102
return,zz653714
rental,xr470552
rental,bt766102
return,ie621775
return,vy365449
rental,qy320156
rental,wl434224
rental,vx973851
return,xr470552
rental,gn184256
return,le229961
rental,xm211009
rental,rp332960
rental,ye569395
return,uy811249
rental,os576633
return,ep730702
rental,tc759325
return,id676553
rental,bq779016
rental,nn815052
return,la951653
rental,mz443755
return,vc755172
return,xy966784
return,ym890403
return,cy524549
return,gf121746
return,xx487666
return,eh661072
rental,rp950054
return,oh606599
rental,kc255358
rental,zx786512
rental,mr771695
return,hq624473
rental,tw668541
return,ke228476
return,mr771695
rental,tq892641
rental,lr123706
rental,zp204191
return,yl434099
rental,tz456552
rental,ye945342
rental,tw668541
rental,cr467080
rental,ig501634
rental,bt445644
rental,ti960627
return,uw197890
return,jq446801
return,ie247006
rental,ti645705
return,jw598210
return,ie247006
rental,sm445325
rental,ye945342
return,sj515928
rental,bd385811
return,uo356141
rental,zc499993
rental,is518519
return,wn924632
rental,ua790606
rental,ke228476
rental,eg648839
return,jn161143
return,xo761414
rental,uj750030
rental,cs482001
rental,lm253103
return,wc948322
rental,vf611862
return,yl434099
rental,sl531914
return,yw635717
return,ua253120
return,xr636065
return,qh730367
return,nq350637
rental,nk969651
return,vx973851
rental,ux839899
return,ca696497
rental,vm423150
return,es461694
return,zx786512
rental,ns925478
rental,nz748925
return,zj947340
return,wn924632
return,zp204191
rental,ot183513
return,he669924
rental,me524056
rental,rp332960
rental,jq446801
rental,vc906780
rental,cp885801
return,nx509474
rental,tf922589
return,ng636793
return,ss597466
rental,vx973851
rental,vy250358
return,sm445325
return,gx323914
rental,qq260786
rental,jn161143
return,ww688503
return,yd265815
rental,sl488233
return,tx224661
rental,mp759295
rental,kw843649
rental,sj515928
rental,vj545936
return,wl823738
return,ex545168
rental,sm937395
rental,hj713772
return,xr636065
return,ff249308
rental,aa291559
rental,ya677058
return,eo354253
return,om825555
rental,sj758281
return,vx482996
return,zo598023
rental,yh791790
rental,up835531
return,zp204191
rental,dl862878
rental,vy250358
rental,nk519785
return,mb318341
rental,ka205102
return,sw222292
return,yf506972
rental,ip228387
rental,ua232082
rental,kw843649
return,lb717748
return,ao886047
return,ta521361
return,yl434099
return,lb717748
return,hh566009
rental,gg760394
return,zj335065
rental,nr462828
return,vl546169
return,jj732263
rental,th941945
rental,nh529233
rental,ig525784
rental,wi395548
rental,zj702604
return,zp204191
return,nq350637
rental,hn863963
return,sd208701
rental,ta483500
return,ex545168
rental,ux833041
return,fd789053
rental,ms323255
return,ie621775
return,st788769
rental,md866677
return,se184312
return,dc766094
rental,se184312
rental,eh661072
rental,qg585871
rental,mz565781
return,zp204191
rental,id676553
return,nq350637
rental,xo761414
return,ip228387
return,tc759325
return,nz748925
rental,qz941967
rental,iz472983
return,kz986651
return,ia669926
return,ff201779
rental,ua253120
rental,tv868675
rental,sd208701
rental,rh120800
return,tx224661
rental,ss597466
rental,vx482996
return,jf380789
return,ux833041
return,qe888814
rental,nz290989
rental,fd789053
rental,yn915358
return,ta521361
rental,wj870246
rental,jw245662
return,ua253120
rental,ub443160
return,ta521361
return,vy365449
return,vq974543
rental,ke228476
return,zj992833
return,ua232082
rental,sz220995
rental,ig963906
return,zj702604
rental,bq779016
rental,df142313
rental,ua253120
rental,kc255358
return,vm423150
rental,zf700740
return,ff249308
return,yf506972
rental,ub443160
rental,ev520081
rental,jf380789
return,os576633
rental,ri770088
return,ay453697
return,zj335065
rental,zc499993
rental,ub443160
return,ja127185
return,ny396235
return,hm817869
rental,jf380789
return,sh856684
return,hh566009
return,zx114329
rental,he669924
rental,yw635717
return,nh529233
return,mp759295
rental,qb235683
return,wj870246
rental,ye945342
rental,gl868289
return,gn184256
rental,yw635717
return,ym890403
rental,rw288243
rental,kw843649
rental,nr462828
return,ua790606
return,fd789053
return,wc703257
rental,nn815052
rental,lf877239
rental,tw668541
rental,kv697704
return,gn184256
rental,ye945342
rental,vi430538
rental,ir605298
return,as898560
rental,cd509390
return,vy250358
return,aa291559
rental,ff201779
rental,ef883787
return,ys570572
rental,hx146890
rental,ti960627
rental,es461694
rental,jj732263
rental,pz322999
return,zd994406
rental,mm139416
return,wl434224
rental,qg585871
return,sl488233
return,uw197890
rental,wz240833
return,po211385
rental,vm423150
rental,qy320156
rental,jz385253
rental,tv868675
return,sg814182
rental,zp204191
return,im267640
return,io692485
rental,ob430224
return,sm445325
rental,vc906780
rental,ff249308
return,ye945342
return,mf321144
return,sa800838
return,xx487666
return,as898560
rental,cl855857
return,ig525784
rental,fg506562
rental,ff159137
return,jw598210
return,ww688503
return,zf700740
rental,pc432548
rental,yc500519
rental,xx487666
return,gg760394
rental,sp966551
return,mi131700
return,qb235683
rental,zj992833
rental,iv613624
return,in393824
return,tr105717
return,lr123706
return,zd994406
rental,po211385
rental,wl434224
return,up612655
return,vi430538
return,bt293182
rental,oe615189
return,hh566009
return,ms323255
return,hu872967
rental,tx224661
rental,uj417690
rental,bt445644
return,tx224661
rental,sg223394
rental,sq741404
return,xk663502
return,xu926691
return,sj515928
return,qo618461
rental,fv958839
return,rt476393
return,yl434099
rental,mq615277
return,ay738242
rental,zp204191
rental,ri770088
return,lp657369
return,zo598023
return,ss597466
rental,ef883787
rental,uj585741
return,bp505838
rental,bt445644
rental,uy777243
rental,mr771695
rental,xk663502
return,qb957218
return,dy781687
rental,te868782
return,fa371776
rental,vy250358
return,lb717748
return,lz888969
return,uo666252
rental,uf344501
return,sl488233
return,bt445644
return,id676553
rental,hx146890
return,op241131
rental,qb957218
return,rw288243
rental,oe615189
rental,io692485
return,la951653
rental,ev520081
rental,yf506972
return,hw819360
return,lb717748
rental,kv144704
return,zc499993
rental,hq774471
return,gl868289
return,gb505437
rental,cz965808
rental,lb717748
return,xv821681
rental,ny418398
return,gb505437
rental,ir605298
rental,te868782
return,ca696497
return,xu877837
return,ie621775
rental,ms323255
rental,nh869874
return,mw541310
return,uy811249
return,xr636065
rental,rs599476
return,sd208701
rental,rs599476
return,tr105717
rental,bd385811
rental,mb318341
rental,xy966784
rental,am798528
return,bt293182
return,if132802
rental,zc499993
rental,vq974543
return,iz472983
return,dl862878
rental,yh791790
rental,lz888969
return,nk434614
rental,ta521361
rental,mw852894
rental,yg107456
rental,sa800838
return,bf462984
rental,jd899656
return,df142313
return,lf877239
rental,ht797058
rental,mw541310
return,gx323914
return,oj677786
return,zz653714
return,ua253120
return,hu247682
return,xm211009
rental,st788769
rental,yn915358
return,lx568657
return,yh607238
rental,jz385253
return,uj417690
rental,kc255358
return,tx224661
rental,cd509390
return,pw670207
return,vx482996
return,ti645705
rental,oh223982
return,nh285295
return,xx487666
return,oh606599
return,qo618461
rental,pd784404
rental,cz965808
rental,hm817869
rental,tt154378
return,dp101109
return,ny418398
rental,rw288243
rental,fv958839
return,ai328877
return,ym890403
return,eh661072
return,cz965808
rental,sq741404
rental,as898560
rental,rk404971
rental,tx835396
return,kc402077
return,zp204191
rental,aa291559
rental,ip228387
return,lb717748
return,lm253103
return,mz443755
rental,vf611862
rental,yn915358
rental,lm940986
return,xv821681
return,lc804754
rental,wt710579
rental,sl531914
rental,nk969651
return,gv960171
rental,pm349473
return,nn815052
rental,hx146890
rental,sm937395
return,qh730367
return,sh856684
return,uk330247
rental,ig525784
return,wl434224
return,gq863782
rental,zp204191
return,jw245662
rental,ip228387
rental,uy777243
rental,nh529233
rental,tj308778
return,iv613624
rental,qb235683
return,nq350637
rental,cr467080
return,yg323817
return,gb505437
rental,pr470955
rental,ze572689
return,gb946504
rental,qe888814
return,xu877837
return,qz918676
rental,ss597466
return,px966244
return,zc499993
rental,ww688503
return,xo761414
rental,id676553
return,mw541310
rental,gq777329
return,dp101109
rental,jf380789
return,rc600066
return,ht797058
return,rl427190
rental,dy781687
rental,ht797058
rental,tr105717
rental,uw197890
return,uj585741
return,rl427190
rental,pr470955
return,nu400558
return,qq260786
rental,yl434099
rental,vx482996
return,up835531
return,qs514835
return,bs625050
rental,nz748925
rental,yi152951
return,am798528
rental,ua790606
return,zd994406
return,ux839899
rental,uw197890
return,ze116354
return,jd899656
rental,mf321144
return,es145199
rental,pr635585
rental,uo666252
return,zx786512
return,tc759325
return,vf611862
return,cr467080
return,ja127185
return,tv868675
return,lx568657
rental,se184312
rental,xv821681
rental,gl868289
rental,na324874
rental,sd208701
rental,dp101109
rental,tz456552
return,tj308778
rental,hj713772
return,jw598210
rental,ym890403
rental,pw670207
rental,ob430224
return,tf922589
rental,qs514835
return,qb957218
return,tf922589
rental,bs625050
return,eh661072
return,ya677058
rental,pv323716
rental,tc759325
return,om825555
return,mb318341
rental,fa591940
rental,yd265815
return,ng982918
return,ng636793
return,if132802
rental,zp204191
return,jf380789
rental,bp505838
rental,sj515928
rental,ex545168
rental,tv868675
rental,pz322999
return,ta521361
return,zf412787
rental,cz965808
return,vi430538
rental,bp725700
rental,tx224661
return,ay738242
rental,dr169375
return,cd428747
return,fa591940
return,he669924
rental,gl866732
return,pz322999
rental,ql661017
return,fw431659
return,wj826111
rental,jb675667
rental,ub443160
return,ig525784
rental,na324874
rental,cs482001
rental,ye569395
return,nk434614
rental,vy365449
rental,ms323255
return,cp213949
rental,mw541310
rental,hq624473
rental,ti960627
rental,yc500519
rental,ia669926
rental,ze572689
rental,jp389006
return,wz240833
return,xv821681
return,lb717748
rental,jl666941
return,ny418398
rental,gx323914
return,gq777329
return,zq388703
rental,ce650119
rental,pv323716
rental,ke228476
return,pm349473
return,ub443160
rental,sz220995
return,vl546169
return,ns925478
return,ri770088
rental,wl823738
rental,pr635585
rental,jj732263
rental,he669924
return,rk404971
rental,ux833041
rental,ng982918
rental,ir605298
rental,uo356141
return,tw668541
return,mz565781
return,tt154378
return,bh990490
return,ip228387
rental,qz918676
return,ww688503
rental,yg107456
rental,mi663991
return,sh856684
rental,ct405641
return,fu854050
return,vy250358
return,os576633
return,fg506562
rental,xr470552
rental,me524056
return,wn924632
rental,zc499993
rental,mw852894
return,vc906780
rental,mp759295
return,yc500519
return,zo598023
rental,ya677058
return,ym890403
return,ia669926
return,sw222292
return,jw598210
rental,di506422
rental,nh529233
return,sn317734
rental,lf877239
rental,sj515928
rental,ce650119
rental,gn184256
rental,up358852
return,mz565781
rental,ct405641
rental,ql661017
return,gs479948
rental,ef779785
rental,qv416236
rental,dy991054
rental,eo354253
return,bt766102
rental,po211385
return,wt710579
return,ys570572
return,vf611862
return,tc759325
rental,jd235801
return,sa800838
rental,fv740244
return,ie621775
return,ng982918
rental,pd784404
return,bt293182
return,gb946504
rental,jl666941
rental,nh869874
return,nx509474
return,cv831068
rental,zo598023
return,uf344501
rental,tz456552
return,gx323914
return,vf611862
rental,se184312
return,uf344501
return,yf506972
return,fm153275
rental,rq354618
rental,qb235683
rental,rw288243
rental,ie621775
rental,vm423150
return,uy811249
rental,tv924074
rental,dr169375
rental,fm655856
return,rl427190
rental,pc432548
rental,es461694
return,lz888969
rental,fv958839
rental,ig525784
return,nz748925
rental,kg352753
return,ng982918
return,zf700740
return,yf506972
return,fw431659
return,lm940986
rental,es461694
return,jw598210
return,ms323255
return,vg107077
rental,hr108256
return,zx114329
return,hd510371
rental,ye569395
return,mb318341
return,kv697704
return,gq863782
rental,nh529233
rental,rl427190
return,vl546169
return,nh285295
return,yg107456
return,ng982918
return,xu877837
return,lh588667
rental,uy811249